{"cameraMode":{"drawMode":0,"name":"Shaded","section":"Shading Mode"},"sceneLighting":true,"audioPlay":false,"sceneViewState":{"m_AlwaysRefresh":false,"showFog":true,"showSkybox":true,"showFlares":true,"showImageEffects":true,"showParticleSystems":true,"showVisualEffectGraphs":true,"m_FxEnabled":true},"in2DMode":false,"pivot":{"x":-3.693772792816162,"y":-0.9681127071380615,"z":2.140261173248291},"rotation":{"x":-0.20241214334964753,"y":0.43806734681129458,"z":-0.10192642360925675,"w":-0.8699254989624023},"size":3.9632885456085207,"orthographic":false}